file_a,file_b,label,clone_type,error,string_exact_match,string_similarity_ratio,jaccard_similarity,tfidf_cosine_similarity,markov_similarity,kl_divergence_a_to_b,kl_divergence_b_to_a,lexical_statistical_score,ast_node_type_jaccard,ast_sequence_similarity,ast_node_count_similarity,ast_depth_similarity,tree_edit_distance,tree_edit_similarity,apted_available,apted_tree_edit_distance,apted_tree_edit_similarity,structural_score,semantic_runnable,semantic_reason,semantic_function_a,semantic_function_b,semantic_tested_arity,semantic_total_cases,semantic_both_return_count,semantic_matching_return_count,semantic_successful_overlap,semantic_output_similarity,semantic_score,embedding_model,embedding_feature_count,embedding_cosine_similarity,embedding_score
submission1.py,submission2.py,1,1,,True,1.0,1.0,1.0000000000000002,1.0,0.0,0.0,1.0,1.0,1.0,1.0,1.0,0,1.0,no,,,1.0,si,ok,add,add,2,7,5,5,0.7142857142857143,1.0,1.0,tfidf,8,1.0000000000000002,1.0000000000000002
submission1.py,submission4.py,1,3,,False,0.6857142857142857,0.8888888888888888,0.9751079077924771,0.9375,0.08294678392952096,1.3032731120611527,0.8648248584391148,0.8888888888888888,0.782608695652174,0.7692307692307692,1.0,4,0.6923076923076923,no,,,0.7965068747677443,si,ok,add,add,2,7,5,5,0.7142857142857143,1.0,1.0,tfidf,9,0.9751079077924775,0.9751079077924775
submission2.py,submission4.py,1,3,,False,0.6857142857142857,0.8888888888888888,0.9751079077924771,0.9375,0.08294678392952096,1.3032731120611527,0.8648248584391148,0.8888888888888888,0.782608695652174,0.7692307692307692,1.0,4,0.6923076923076923,no,,,0.7965068747677443,si,ok,add,add,2,7,5,5,0.7142857142857143,1.0,1.0,tfidf,9,0.9751079077924775,0.9751079077924775
submission6.py,submission7.py,1,2,,False,0.6749482401656315,1.0,1.0,1.0,0.0,0.0,1.0,1.0,1.0,1.0,1.0,0,1.0,no,,,1.0,si,ok,bubble_sort,sort_bubble,1,10,0,0,0.0,0.0,0.0,tfidf,17,1.0000000000000002,1.0000000000000002
submission8.py,submission9.py,1,2,,False,0.8424908424908425,1.0,1.0,1.0,0.0,0.0,1.0,1.0,1.0,1.0,1.0,0,1.0,no,,,1.0,si,ok,fibonacci,fib,1,10,0,0,0.0,0.0,0.0,tfidf,13,1.0,1.0
submission14.py,submission15.py,1,2,,False,0.5980861244019139,1.0,0.9999999999999999,1.0,0.0,0.0,0.9999999999999998,1.0,1.0,1.0,1.0,0,1.0,no,,,1.0,si,ok,is_valid_input,validate_input,1,10,0,0,0.0,0.0,0.25,tfidf,31,1.0000000000000007,1.0000000000000007
submission18.py,submission19.py,1,2,,False,0.42778793418647165,0.9444444444444444,0.9992276181095799,1.0,0.01566433937579916,0.19385937045496146,0.9641361096930496,1.0,1.0,1.0,1.0,0,1.0,no,,,1.0,si,ok,is_valid_integer,validate_input,1,10,0,0,0.0,0.0,0.25,tfidf,37,0.9991070521681165,0.9991070521681165
submission20.py,submission21.py,1,2,,False,0.49901922322479403,0.9512195121951219,0.9997364458076826,1.0,0.07441533506996002,0.07441533506996002,0.9714345400173628,1.0,1.0,1.0,1.0,0,1.0,no,,,1.0,si,ok,validate_input_is_non_negative_integer,validate_non_negative,1,10,0,0,0.0,0.0,0.25,tfidf,42,0.9997385735019941,0.9997385735019941
submission24.py,submission25.py,1,2,,False,0.4870613257710032,0.8235294117647058,0.9991042831323302,1.0,0.21094455420297822,0.21094455420297822,0.9119504366656701,1.0,1.0,1.0,1.0,0,1.0,no,,,1.0,si,ok,main,run_bank_machine,0,1,0,0,0.0,0.0,0.25,tfidf,43,0.9976218306813385,0.9976218306813385
submission26.py,submission27.py,1,2,,False,0.7631103074141049,1.0,1.0000000000000002,1.0,0.0,0.0,1.0,1.0,1.0,1.0,1.0,0,1.0,no,,,1.0,si,ok,load_data,read_csv_data,1,10,0,0,0.0,0.0,0.25,tfidf,17,1.0000000000000002,1.0000000000000002
submission28.py,submission29.py,1,2,,False,0.5097365406643757,1.0,1.0,1.0,0.0,0.0,1.0,1.0,1.0,1.0,1.0,0,1.0,no,,,1.0,si,ok,create_population_data,generate_population_dataset,1,10,0,0,0.0,0.0,0.25,tfidf,19,1.0,1.0
submission31.py,submission32.py,1,1,,True,1.0,1.0,0.9999999999999999,1.0,0.0,0.0,0.9999999999999998,1.0,1.0,1.0,1.0,0,1.0,no,,,1.0,si,ok,factorial_recursive,factorial_recursive,1,10,5,5,0.5,1.0,1.0,tfidf,26,1.0,1.0
submission33.py,submission34.py,1,4,,False,0.45569620253164556,0.8125,0.9891502592325204,0.9693149133360944,0.3929534543908961,0.4910500960819097,0.8730541448902773,0.78125,0.6985645933014354,0.6719999999999999,1.0,66,0.472,no,,,0.6732911483253587,si,ok,generate_fibonacci_iterative,generate_fibonacci_recursive,1,10,5,0,0.5,0.0,0.0,tfidf,30,0.9890672542086754,0.9890672542086754
submission35.py,submission37.py,1,2,,False,0.5728770595690748,0.9259259259259259,0.9984897787278357,1.0,0.17497038610170312,0.17497038610170312,0.9475417673881155,1.0,1.0,1.0,1.0,0,1.0,no,,,1.0,si,ok,is_prime,check_prime,1,10,5,5,0.5,1.0,1.0,tfidf,29,0.9977707189232556,0.9977707189232556
submission35.py,submission39.py,1,2,,False,0.562421185372005,1.0,1.0000000000000002,1.0,0.0,0.0,1.0,1.0,1.0,1.0,1.0,0,1.0,no,,,1.0,si,ok,is_prime,is_it_prime,1,10,5,5,0.5,1.0,1.0,tfidf,28,0.9999999999999997,0.9999999999999997
submission40.py,submission42.py,1,2,,False,0.7509363295880149,1.0,0.9999999999999999,1.0,0.0,0.0,0.9999999999999998,1.0,1.0,1.0,1.0,0,1.0,no,,,1.0,si,ok,sort_by_age,sort_by_person_age,1,10,1,1,0.1,1.0,1.0,tfidf,23,1.0,1.0
submission40.py,submission44.py,1,2,,False,0.18525179856115107,0.9166666666666666,0.998954283766194,1.0,0.13528366492449492,0.13528366492449492,0.9508537102229528,1.0,1.0,1.0,1.0,0,1.0,no,,,1.0,si,ok,sort_by_age,arrange_by_age,1,10,1,1,0.1,1.0,1.0,tfidf,24,0.9989657813183036,0.9989657813183036
submission45.py,submission47.py,1,2,,False,0.554858934169279,0.9259259259259259,0.9989177340209011,0.9870751867804299,0.1402686154298024,0.13732105619718382,0.9504923950489788,1.0,0.9743589743589743,0.9696969696969697,1.0,4,0.9595959595959596,no,,,0.9769230769230769,si,ok,read_numbers_from_file,get_numbers_from_file,1,10,0,0,0.0,0.0,0.25,tfidf,32,0.9977194793784697,0.9977194793784697
submission47.py,submission49.py,1,2,,False,0.4768976897689769,0.9259259259259259,0.9992545846951368,1.0,0.13635715613573568,0.13635715613573568,0.9535551568497396,1.0,1.0,1.0,1.0,0,1.0,no,,,1.0,si,ok,get_numbers_from_file,read_from_file,1,10,0,0,0.0,0.0,0.25,tfidf,32,0.9972126665454698,0.9972126665454698
submission50.py,submission52.py,1,0,,False,0.33905579399141633,0.9310344827586207,0.9984573955316154,0.9915839538468203,0.07581340254806353,0.08017163861635943,0.9626943984648886,1.0,0.9446064139941691,0.9378531073446328,0.9090909090909091,36,0.7966101694915254,no,,,0.9067217113567858,si,ok,read_student_scores,fetch_student_scores,1,10,0,0,0.0,0.0,0.25,tfidf,34,0.9981083824060669,0.9981083824060669
submission52.py,submission54.py,1,3,,False,0.40303165403477487,0.9310344827586207,0.9987850605346488,0.9892445971611771,0.07945846412345565,0.07942884172524686,0.9620754123615518,0.967741935483871,0.9369369369369369,0.9940119760479041,1.0,27,0.8383233532934131,no,,,0.9283814237262179,si,ok,fetch_student_scores,load_student_scores,1,10,0,0,0.0,0.0,0.25,tfidf,33,0.998661933145199,0.998661933145199
submission55.py,submission58.py,1,0,,False,0.6064392119173474,0.8620689655172413,0.9991275972968375,0.9835014251770428,0.18897606152362867,0.18718600888040504,0.9233979396040388,0.9032258064516129,0.9681978798586572,0.9790209790209791,1.0,14,0.9020979020979021,no,,,0.9401771487375044,si,ok,read_employee_data,fetch_employee_data,1,10,0,0,0.0,0.0,0.25,tfidf,32,0.9987787414696496,0.9987787414696496
submission56.py,submission60.py,1,2,,False,0.3274536408864767,1.0,1.0,1.0,0.0,0.0,1.0,1.0,1.0,1.0,1.0,0,1.0,no,,,1.0,si,ok,load_json_file,get_employees_from_json,1,10,0,0,0.0,0.0,0.25,tfidf,29,1.0000000000000002,1.0000000000000002
submission61.py,submission62.py,1,3,,False,0.40141297366730894,0.9285714285714286,0.9993779230423655,0.9967131486025496,0.04921967051799992,0.050749541299824626,0.9682064183006635,1.0,0.8218623481781376,0.9525691699604744,1.0,48,0.8102766798418972,no,,,0.8914339664911747,si,ok,read_books_from_xml,load_books_from_xml,1,10,0,0,0.0,0.0,0.25,tfidf,32,0.9992855119728464,0.9992855119728464
submission65.py,submission66.py,1,2,,False,0.6778711484593838,0.9310344827586207,0.9999013762742552,1.0,0.0502661993486077,0.0502661993486077,0.9697086702943517,1.0,1.0,1.0,1.0,0,1.0,no,,,1.0,si,ok,parse_books_from_xml,extract_books_from_xml,1,10,0,0,0.0,0.0,0.25,tfidf,33,0.9998027916902302,0.9998027916902302
submission67.py,submission68.py,1,3,,False,0.2721729490022173,0.875,0.9997033085262828,0.9945245052756321,0.05926953652523409,0.11060525954858245,0.9456583269754165,1.0,0.6209523809523809,0.7100977198697068,1.0,89,0.7100977198697068,no,,,0.7747820691794634,si,ok,main,main,0,1,0,0,0.0,0.0,0.25,tfidf,33,0.9996596073940942,0.9996596073940942
submission73.py,submission74.py,1,3,,False,0.711531190926276,1.0,0.9994715484004472,0.992038787777,0.004641246599556218,0.004553929707569193,0.9973339126605448,1.0,0.7251184834123223,0.6812749003984064,1.0,80,0.6812749003984064,no,,,0.7878533260323634,si,ok,main,main,0,1,0,0,0.0,0.0,0.25,tfidf,28,0.9994136242221977,0.9994136242221977
submission77.py,submission78.py,1,3,,False,0.9314535731648032,0.9666666666666667,0.9992442147741449,0.9910920408354709,0.00841388363176925,0.06724131564118054,0.9807019070063384,1.0,0.9217391304347826,0.8548387096774194,1.0,27,0.8548387096774194,no,,,0.9151122019635344,si,ok,main,main,0,1,0,0,0.0,0.0,0.25,tfidf,31,0.9992592776595199,0.9992592776595199
submission78.py,submission81.py,1,3,,False,0.6069072564998059,0.9354838709677419,0.9989021093089475,0.9878113828334724,0.07240709356371895,0.05559310990838762,0.9658479774886896,0.9583333333333334,0.6153846153846154,0.7265625,1.0,80,0.6875,no,,,0.7607471955128206,si,ok,main,main,0,1,0,0,0.0,0.0,0.25,tfidf,32,0.9988452727852699,0.9988452727852699
submission82.py,submission83.py,1,4,,False,0.6050955414012739,0.8421052631578947,0.9787449472516658,0.9796781031253081,0.500566649111828,0.21278708649680836,0.8896097226850979,0.8571428571428571,0.8539325842696629,0.9139784946236559,0.8181818181818181,52,0.4408602150537635,no,,,0.7360847380238463,si,ok,bubble_sort,selection_sort,1,10,4,4,0.4,1.0,1.0,tfidf,19,0.9787449472516656,0.9787449472516656
submission82.py,submission85.py,1,3,,False,0.7801857585139319,0.9,0.9951631359311357,0.9761540330417882,0.02472758646299834,0.28875940787376103,0.936678925545678,0.8695652173913043,0.9333333333333333,0.9117647058823529,1.0,13,0.8725490196078431,no,,,0.9057757885763,si,ok,bubble_sort,bubble_sort_optimized,1,10,5,5,0.5,1.0,1.0,tfidf,20,0.9951631359311358,0.9951631359311358
submission89.py,submission90.py,1,4,,False,0.02591283863368669,0.75,0.9839406401534786,0.9715484025091318,0.5268607473863877,0.3174962595293696,0.8551211954589679,0.7307692307692307,0.7868852459016393,0.90625,0.7,56,0.41666666666666663,no,,,0.6738126576292559,si,ok,bfs,dfs,2,7,0,0,0.0,0.0,0.0,tfidf,24,0.9839406401534785,0.9839406401534785
submission92.py,submission93.py,1,4,,False,0.562610229276896,0.9444444444444444,0.9996893518650304,0.9844950967399947,0.09601273914425722,0.005932592089051437,0.9704390647399802,0.95,0.9879518072289156,0.992,1.0,4,0.968,no,,,0.9761879518072288,si,ok,main,main,0,1,0,0,0.0,0.0,0.25,tfidf,18,0.9996893518650306,0.9996893518650306
submission94.py,submission95.py,1,4,,False,0.8423772609819121,1.0,0.9979493068830313,0.98442626633286,0.006224077005882565,0.006308701499491269,0.9950245721010099,1.0,0.9132653061224489,0.8755980861244019,0.8181818181818181,35,0.8325358851674641,no,,,0.8912349868176935,si,ok,main,main,0,1,0,0,0.0,0.0,0.25,tfidf,18,0.9979493068830313,0.9979493068830313
submission97.py,submission98.py,1,0,,False,0.0,0.0,0.0,0.8571428571428572,0.5389438618010829,0.5286038894315448,0.3018258895597297,0.047619047619047616,0.031746031746031744,0.016129032258064502,0.125,61,0.016129032258064502,no,,,0.03721838197644649,no,missing_function,,,,0,0,0,0.0,0.0,0.0,tfidf,0,0.0,0.0
submission97.py,submission100.py,1,0,,False,0.0,0.0,0.0,0.8571428571428572,1.4896890590431762,1.2232653348432434,0.25630102436783064,0.047619047619047616,0.011904761904761904,0.005988023952095856,0.11111111111111116,166,0.005988023952095856,no,,,0.026305721889554254,no,missing_function,,,,0,0,0,0.0,0.0,0.0,tfidf,0,0.0,0.0
submission102.py,submission103.py,1,2,,False,0.5085427135678392,1.0,0.9999999999999998,1.0,0.0,0.0,0.9999999999999998,1.0,1.0,1.0,1.0,0,1.0,no,,,1.0,si,ok,mutate_dna,mutate_dna_sequence,1,10,0,0,0.0,0.0,0.25,tfidf,19,1.0,1.0
submission103.py,submission104.py,1,3,,False,0.8747628083491461,0.76,0.9959407656322552,0.9727736607791188,0.05370422799170906,0.8444923986694819,0.8593538225099238,0.84,0.8888888888888888,0.8191489361702128,1.0,18,0.8085106382978724,no,,,0.8556477541371158,si,ok,mutate_dna_sequence,mutate_dna_sequence_with_logging,1,10,0,0,0.0,0.0,0.25,tfidf,26,0.9954688368474075,0.9954688368474075
submission102.py,submission105.py,1,3,,False,0.8220271348762969,1.0,0.9946204127108434,0.9854727542861659,0.014902915742257251,0.015025815172743213,0.9925319277062015,0.9545454545454546,0.8461538461538461,0.7333333333333334,1.0,37,0.6476190476190475,no,,,0.8067332667332667,si,ok,mutate_dna,mutate_dna_with_map,1,10,0,0,0.0,0.0,0.25,tfidf,19,0.9946204127108433,0.9946204127108433
submission107.py,submission108.py,1,0,,False,0.9395973154362416,1.0,1.0,1.0,0.0,0.0,1.0,1.0,1.0,1.0,1.0,0,1.0,no,,,1.0,si,ok,hello_world,greet,0,1,0,0,0.0,0.0,0.25,tfidf,14,1.0000000000000002,1.0000000000000002
submission107.py,submission109.py,1,3,,False,0.9118541033434651,1.0,1.0,1.0,0.0,0.0,1.0,1.0,1.0,1.0,1.0,0,1.0,no,,,1.0,si,ok,hello_world,hello_world,0,1,0,0,0.0,0.0,0.25,tfidf,14,1.0000000000000002,1.0000000000000002
submission108.py,submission110.py,1,3,,False,0.44931506849315067,1.0,0.9936115093843765,0.9899902818270165,0.016999452785798612,0.01707657293841288,0.9927309927503307,1.0,0.8709677419354839,0.7714285714285715,1.0,8,0.7714285714285715,no,,,0.8648847926267281,si,ok,greet,hello_world,0,1,0,0,0.0,0.0,0.25,tfidf,14,0.9936115093843764,0.9936115093843764
submission112.py,submission113.py,1,2,,False,0.8837465564738292,1.0,0.9999999999999999,1.0,0.0,0.0,0.9999999999999998,1.0,1.0,1.0,1.0,0,1.0,no,,,1.0,si,ok,create_connection,create_connection,1,10,0,0,0.0,0.0,0.25,tfidf,20,1.0000000000000004,1.0000000000000004
submission112.py,submission114.py,1,3,,False,0.8528624933119315,1.0,0.9992283745744436,0.9935567020970748,0.0053538783037022685,0.005796257616712632,0.9973710210122338,1.0,0.903448275862069,0.8238993710691824,1.0,28,0.8238993710691824,no,,,0.8966167859466494,si,ok,create_connection,create_connection,1,10,0,0,0.0,0.0,0.25,tfidf,20,0.9992283745744438,0.9992283745744438
submission113.py,submission115.py,1,0,,False,0.8070907194994786,1.0,0.9999999999999999,1.0,0.0,0.0,0.9999999999999998,1.0,1.0,1.0,1.0,0,1.0,no,,,1.0,si,ok,create_connection,create_connection,1,10,0,0,0.0,0.0,0.25,tfidf,20,1.0000000000000004,1.0000000000000004
submission117.py,submission118.py,1,3,,False,0.8913773796192609,0.75,0.9980285430297287,0.9523406654407938,0.03392524766583279,0.5540418899087107,0.8694381640282681,0.8571428571428571,0.9230769230769231,0.8870967741935484,0.8571428571428572,12,0.8064516129032258,no,,,0.8629120879120878,no,missing_function,,,,0,0,0,0.0,0.0,0.0,tfidf,12,0.9980285430297285,0.9980285430297285
submission117.py,submission119.py,1,4,,False,0.8068965517241379,1.0,1.0,1.0,0.0,0.0,1.0,1.0,1.0,1.0,1.0,0,1.0,no,,,1.0,no,missing_function,,,,0,0,0,0.0,0.0,0.0,tfidf,9,1.0000000000000002,1.0000000000000002
submission118.py,submission120.py,1,4,,False,0.8725602755453502,1.0,1.0,1.0,0.0,0.0,1.0,1.0,1.0,1.0,1.0,0,1.0,no,,,1.0,no,missing_function,,,,0,0,0,0.0,0.0,0.0,tfidf,12,1.0,1.0
submission122.py,submission123.py,1,3,,False,0.8161668839634941,0.96,0.9985786630255841,0.9793940083103636,0.0181013782274075,0.1045219989418148,0.9718984547790673,0.782608695652174,0.8680851063829788,0.7669172932330828,1.0,31,0.7669172932330828,no,,,0.8186557976810667,si,ok,add_device,add_device,4,1,0,0,0.0,0.0,0.25,tfidf,26,0.9984214682759512,0.9984214682759512
submission122.py,submission124.py,1,3,,False,0.7092391304347826,0.96,0.9974841984828019,0.9967704986902137,0.011666514796608499,0.10509963729288319,0.9755668555767719,1.0,0.9357798165137615,0.8793103448275862,1.0,14,0.8793103448275862,no,,,0.9296346093008542,no,incompatible_function_arity,add_device,add_device,,0,0,0,0.0,0.0,0.0,tfidf,26,0.9971358135704758,0.9971358135704758
submission123.py,submission125.py,1,3,,False,0.6417112299465241,0.96,0.9987157121428235,0.9883141514720462,0.10784697483771659,0.019079368796453763,0.9733423545486761,0.782608695652174,0.9057971014492754,0.9300699300699301,1.0,26,0.8181818181818181,no,,,0.8679360494577886,si,ok,add_device,add_device,4,1,0,0,0.0,0.0,0.25,tfidf,26,0.9987605973236617,0.9987605973236617
submission127.py,submission128.py,1,3,,False,0.7932303164091243,1.0,0.999129280519405,0.9853312799043663,0.007432366493885859,0.0079124881674863,0.9952822382573161,1.0,0.8869565217391304,0.796875,1.0,26,0.796875,no,,,0.8803328804347825,si,ok,add_book,add_book,4,1,0,0,0.0,0.0,0.25,tfidf,25,0.9990113187800107,0.9990113187800107
submission128.py,submission129.py,1,3,,False,0.6244284781188766,0.96,0.9986270420620601,0.9921668032963714,0.018267791539083717,0.10569527495549913,0.9743486651721305,0.782608695652174,0.9195402298850575,0.9624060150375939,1.0,23,0.8270676691729324,no,,,0.8788879996092179,si,ok,add_book,add_book,4,1,0,0,0.0,0.0,0.25,tfidf,26,0.9986409215283588,0.9986409215283588
submission129.py,submission130.py,1,3,,False,0.5811863391252247,0.96,0.9987157121428235,0.9883141514720462,0.10784697483771659,0.019079368796453763,0.9733423545486761,0.782608695652174,0.9057971014492754,0.9300699300699301,1.0,26,0.8181818181818181,no,,,0.8679360494577886,si,ok,add_book,add_book,4,1,0,0,0.0,0.0,0.25,tfidf,26,0.9987605973236617,0.9987605973236617
submission132.py,submission133.py,1,1,,True,1.0,1.0,1.0000000000000002,1.0,0.0,0.0,1.0,1.0,1.0,1.0,1.0,0,1.0,no,,,1.0,si,ok,create_excel,create_excel,1,10,0,0,0.0,0.0,0.25,tfidf,25,1.0000000000000002,1.0000000000000002
submission133.py,submission134.py,1,4,,False,0.24773413897280966,0.5454545454545454,0.85714088911806,0.9169941268432839,3.945204501589381,0.9482686029159171,0.6622033584945343,0.75,0.6495726495726496,0.625,0.875,51,0.29166666666666663,no,,,0.5811431623931624,si,ok,create_excel,read_excel,1,10,0,0,0.0,0.0,0.25,tfidf,27,0.8508636920813073,0.8508636920813073
submission132.py,submission135.py,1,2,,False,0.8193384223918575,0.9047619047619048,0.9980086882142645,1.0,0.20828330932786704,0.20828330932786704,0.9363552718334136,1.0,1.0,1.0,1.0,0,1.0,no,,,1.0,si,ok,create_excel,create_excel_different_data,1,10,0,0,0.0,0.0,0.25,tfidf,27,0.9960530878484175,0.9960530878484175
submission137.py,submission138.py,1,3,,False,0.6287519747235387,0.95,0.9975547760116704,0.988251209574739,0.02172990753689613,0.1688408483229205,0.9645174872829336,1.0,0.7538461538461538,0.6049382716049383,1.0,32,0.6049382716049383,no,,,0.7606837606837608,si,ok,print_numbers,print_numbers,0,1,0,0,0.0,0.0,0.25,tfidf,21,0.9975333942215534,0.9975333942215534
submission138.py,submission139.py,1,3,,False,0.31865284974093266,0.8181818181818182,0.9795298476253448,0.9696377651959884,0.3987638747949246,1.0909753611948885,0.8478627975451918,0.9,0.8152866242038217,0.9382716049382716,1.0,30,0.6296296296296297,no,,,0.813451285680585,no,incompatible_function_arity,print_numbers,print_numbers,,0,0,0,0.0,0.0,0.0,tfidf,22,0.9788069777024411,0.9788069777024411
submission137.py,submission140.py,1,3,,False,0.7257731958762886,1.0,0.996153902821019,0.9748531230674088,0.009182070357351956,0.01006042317067627,0.9919108833576301,1.0,0.9514563106796117,0.9074074074074074,1.0,5,0.9074074074074074,no,,,0.9461974110032362,si,ok,print_numbers,print_numbers,0,1,0,0,0.0,0.0,0.25,tfidf,20,0.9961544225358294,0.9961544225358294
submission139.py,submission150.py,1,2,,False,0.4339622641509434,1.0,1.0,1.0,0.0,0.0,1.0,1.0,1.0,1.0,1.0,0,1.0,no,,,1.0,si,ok,print_numbers,display_count,2,7,0,0,0.0,0.0,0.25,tfidf,19,1.0000000000000002,1.0000000000000002
submission142.py,submission143.py,1,3,,False,0.593103448275862,0.9473684210526315,0.9879322182807306,0.984403436699355,0.04867290909019845,0.32265698226041295,0.9461525971323841,1.0,0.825,0.7021276595744681,0.8888888888888888,14,0.7021276595744681,no,,,0.8110963356973996,si,ok,check_cpu_usage,check_system_usage,0,1,0,0,0.0,0.0,0.25,tfidf,20,0.9876329870298894,0.9876329870298894
submission143.py,submission144.py,1,3,,False,0.693069306930693,0.95,0.9958772980199879,0.9909177458358759,0.021628878486517476,0.2239739109101529,0.9600726306003491,1.0,0.8623853211009175,0.7580645161290323,1.0,15,0.7580645161290323,no,,,0.8567253625332939,si,ok,check_system_usage,check_full_system_usage,0,1,0,0,0.0,0.0,0.25,tfidf,21,0.9958238370080346,0.9958238370080346
submission143.py,submission145.py,1,3,,False,0.693069306930693,0.95,0.9958772980199879,0.9909177458358759,0.021628878486517476,0.2239739109101529,0.9600726306003491,1.0,0.8623853211009175,0.7580645161290323,1.0,15,0.7580645161290323,no,,,0.8567253625332939,si,ok,check_system_usage,check_full_system_usage,0,1,0,0,0.0,0.0,0.25,tfidf,21,0.9958238370080346,0.9958238370080346
submission147.py,submission148.py,1,2,,False,0.45924082140634725,1.0,1.0000000000000002,1.0,0.0,0.0,1.0,1.0,1.0,1.0,1.0,0,1.0,no,,,1.0,si,ok,load_data,read_csv,1,10,0,0,0.0,0.0,0.25,tfidf,17,1.0000000000000002,1.0000000000000002
submission148.py,submission149.py,1,1,,True,1.0,1.0,1.0000000000000002,1.0,0.0,0.0,1.0,1.0,1.0,1.0,1.0,0,1.0,no,,,1.0,si,ok,read_csv,read_csv,1,10,0,0,0.0,0.0,0.25,tfidf,17,1.0000000000000002,1.0000000000000002
submission131.py,submission151.py,1,2,,False,0.216,0.7241379310344828,0.9983298470774401,1.0,0.4235728326631744,0.4235728326631744,0.8572319158880175,1.0,1.0,1.0,1.0,0,1.0,no,,,1.0,si,ok,add_book,add_publication,5,1,0,0,0.0,0.0,0.25,tfidf,30,0.998372504785265,0.998372504785265
submission119.py,submission152.py,1,2,,False,0.43797195253505933,1.0,1.0,1.0,0.0,0.0,1.0,1.0,1.0,1.0,1.0,0,1.0,no,,,1.0,no,missing_function,,,,0,0,0,0.0,0.0,0.0,tfidf,9,1.0000000000000002,1.0000000000000002
submission130.py,submission153.py,1,2,,False,0.12748597654258031,0.7777777777777778,0.9991725694298969,1.0,0.2590659647342104,0.2590659647342104,0.8919330165051795,1.0,1.0,1.0,1.0,0,1.0,no,,,1.0,si,ok,add_book,insert_publication,4,1,0,0,0.0,0.0,0.25,tfidf,28,0.9991818228554064,0.9991818228554064
submission142.py,submission154.py,1,2,,False,0.36318407960199006,0.8947368421052632,0.991258638050712,1.0,0.44801513446381536,0.44801513446381536,0.9039187473798684,1.0,1.0,1.0,1.0,0,1.0,no,,,1.0,si,ok,check_cpu_usage,monitor_cpu_utilization,0,1,0,0,0.0,0.0,0.25,tfidf,21,0.9870115479687096,0.9870115479687096
submission145.py,submission155.py,1,2,,False,0.5782493368700266,0.7391304347826086,0.9922730530229865,1.0,0.6811877432214221,0.6811877432214221,0.8383845593737022,1.0,1.0,1.0,1.0,0,1.0,no,,,1.0,si,ok,check_full_system_usage,monitor_system_utilization,0,1,0,0,0.0,0.0,0.25,tfidf,22,0.9772595420067393,0.9772595420067393
submission147.py,submission156.py,1,2,,False,0.7397899649941657,1.0,1.0000000000000002,1.0,0.0,0.0,1.0,1.0,1.0,1.0,1.0,0,1.0,no,,,1.0,si,ok,load_data,import_data,1,10,0,0,0.0,0.0,0.25,tfidf,17,1.0000000000000002,1.0000000000000002
submission122.py,submission157.py,1,2,,False,0.18513513513513513,0.92,0.9994465268077636,1.0,0.12181512585070774,0.12181512585070774,0.9541164534297341,1.0,1.0,1.0,1.0,0,1.0,no,,,1.0,si,ok,add_device,register_device,4,1,0,0,0.0,0.0,0.25,tfidf,26,0.999455827660149,0.999455827660149
submission115.py,submission158.py,1,2,,False,0.3800592300098717,1.0,0.9999999999999999,1.0,0.0,0.0,0.9999999999999998,1.0,1.0,1.0,1.0,0,1.0,no,,,1.0,si,ok,create_connection,connect_database,1,10,0,0,0.0,0.0,0.25,tfidf,20,1.0000000000000004,1.0000000000000004
submission105.py,submission159.py,1,2,,False,0.5609418282548476,1.0,1.0,1.0,0.0,0.0,1.0,1.0,1.0,1.0,1.0,0,1.0,no,,,1.0,si,ok,mutate_dna_with_map,dna_mutation_with_log,1,10,0,0,0.0,0.0,0.25,tfidf,19,1.0000000000000002,1.0000000000000002
submission87.py,submission160.py,1,2,,False,0.5861690450054885,1.0,0.9999999999999999,1.0,0.0,0.0,0.9999999999999998,1.0,1.0,1.0,1.0,0,1.0,no,,,1.0,si,ok,quick_sort,quick_sort_algorithm,1,10,5,5,0.5,1.0,1.0,tfidf,20,1.0000000000000002,1.0000000000000002
submission131.py,submission161.py,1,2,,False,0.3500334001336005,0.7241379310344828,0.9983298470774401,1.0,0.4235728326631744,0.4235728326631744,0.8572319158880175,1.0,1.0,1.0,1.0,0,1.0,no,,,1.0,si,ok,add_book,include_novel,5,1,0,0,0.0,0.0,0.25,tfidf,30,0.998372504785265,0.998372504785265
submission162.py,submission163.py,1,2,,False,0.2119071644803229,0.84,0.9979801820095747,1.0,0.32087109556529525,0.32087109556529525,0.9028092840461404,1.0,1.0,1.0,1.0,0,1.0,no,,,1.0,si,ok,main,execute,0,1,0,0,0.0,0.0,0.25,tfidf,25,0.997983275223754,0.997983275223754
submission162.py,submission164.py,1,2,,False,0.22088353413654618,0.9166666666666666,0.9989895871637844,1.0,0.16043554779869115,0.16043554779869115,0.9470459569571075,1.0,1.0,1.0,1.0,0,1.0,no,,,1.0,si,ok,main,run_system,0,1,0,0,0.0,0.0,0.25,tfidf,25,0.99823090841086,0.99823090841086
submission162.py,submission164.py,1,2,,False,0.22088353413654618,0.9166666666666666,0.9989895871637844,1.0,0.16043554779869115,0.16043554779869115,0.9470459569571075,1.0,1.0,1.0,1.0,0,1.0,no,,,1.0,si,ok,main,run_system,0,1,0,0,0.0,0.0,0.25,tfidf,25,0.99823090841086,0.99823090841086
submission162.py,submission165.py,1,2,,False,0.2829076620825147,0.9166666666666666,0.9989895871637844,1.0,0.16043554779869115,0.16043554779869115,0.9470459569571075,1.0,1.0,1.0,1.0,0,1.0,no,,,1.0,si,ok,main,manage_academy,0,1,0,0,0.0,0.0,0.25,tfidf,26,0.9977274858801304,0.9977274858801304
submission163.py,submission164.py,1,2,,False,0.28934506353861195,0.84,0.9979801820095747,1.0,0.32087109556529525,0.32087109556529525,0.9028092840461404,1.0,1.0,1.0,1.0,0,1.0,no,,,1.0,si,ok,execute,run_system,0,1,0,0,0.0,0.0,0.25,tfidf,26,0.9972231632149179,0.9972231632149179
submission163.py,submission165.py,1,2,,False,0.1722488038277512,0.84,0.9979801820095747,1.0,0.32087109556529525,0.32087109556529525,0.9028092840461404,1.0,1.0,1.0,1.0,0,1.0,no,,,1.0,si,ok,execute,manage_academy,0,1,0,0,0.0,0.0,0.25,tfidf,27,0.996720499240063,0.996720499240063
submission164.py,submission165.py,1,2,,False,0.1619047619047619,0.9166666666666666,0.9989895871637844,1.0,0.16043554779869115,0.16043554779869115,0.9470459569571075,1.0,1.0,1.0,1.0,0,1.0,no,,,1.0,si,ok,run_system,manage_academy,0,1,0,0,0.0,0.0,0.25,tfidf,27,0.9974779175284877,0.9974779175284877
submission166.py,submission167.py,1,2,,False,0.14681647940074907,0.8461538461538461,0.9988933560399916,1.0,0.24363025167705246,0.24363025167705246,0.914333664469913,1.0,1.0,1.0,1.0,0,1.0,no,,,1.0,si,ok,add_patient,register_patient,4,1,0,0,0.0,0.0,0.25,tfidf,27,0.9989119476673098,0.9989119476673098
submission166.py,submission168.py,1,2,,False,0.18370165745856354,0.8461538461538461,0.9988933560399916,1.0,0.24363025167705246,0.24363025167705246,0.914333664469913,1.0,1.0,1.0,1.0,0,1.0,no,,,1.0,si,ok,add_patient,admit_patient,4,1,0,0,0.0,0.0,0.25,tfidf,26,0.9991837757022147,0.9991837757022147
submission166.py,submission169.py,1,2,,False,0.127208480565371,0.8461538461538461,0.9988933560399916,1.0,0.24363025167705246,0.24363025167705246,0.914333664469913,1.0,1.0,1.0,1.0,0,1.0,no,,,1.0,si,ok,add_patient,enroll_patient,4,1,0,0,0.0,0.0,0.25,tfidf,26,0.9991837757022147,0.9991837757022147
submission167.py,submission168.py,1,2,,False,0.14790996784565916,0.8461538461538461,0.9988933560399916,1.0,0.24363025167705246,0.24363025167705246,0.914333664469913,1.0,1.0,1.0,1.0,0,1.0,no,,,1.0,si,ok,register_patient,admit_patient,4,1,0,0,0.0,0.0,0.25,tfidf,26,0.9991837757022147,0.9991837757022147
submission167.py,submission169.py,1,2,,False,0.20893561103810776,0.8461538461538461,0.9988933560399916,1.0,0.24363025167705246,0.24363025167705246,0.914333664469913,1.0,1.0,1.0,1.0,0,1.0,no,,,1.0,si,ok,register_patient,enroll_patient,4,1,0,0,0.0,0.0,0.25,tfidf,26,0.9991837757022147,0.9991837757022147
submission168.py,submission169.py,1,2,,False,0.24587155963302754,0.92,0.9994465268077636,1.0,0.12181512585070774,0.12181512585070774,0.9541164534297341,1.0,1.0,1.0,1.0,0,1.0,no,,,1.0,si,ok,admit_patient,enroll_patient,4,1,0,0,0.0,0.0,0.25,tfidf,25,0.9994556777080853,0.9994556777080853
submission170.py,submission171.py,1,2,,False,0.11189913317572892,0.8461538461538461,0.9988933560399916,1.0,0.24363025167705246,0.24363025167705246,0.914333664469913,1.0,1.0,1.0,1.0,0,1.0,no,,,1.0,si,ok,add_car,register_vehicle,4,1,0,0,0.0,0.0,0.25,tfidf,27,0.9986399669096335,0.9986399669096335
submission170.py,submission172.py,1,2,,False,0.19364375461936437,0.92,0.9994465268077636,1.0,0.12181512585070774,0.12181512585070774,0.9541164534297341,1.0,1.0,1.0,1.0,0,1.0,no,,,1.0,si,ok,add_car,add_automobile,4,1,0,0,0.0,0.0,0.25,tfidf,26,0.9991837757022147,0.9991837757022147
submission170.py,submission173.py,1,2,,False,0.25597532767925985,0.92,0.9994465268077636,1.0,0.12181512585070774,0.12181512585070774,0.9541164534297341,1.0,1.0,1.0,1.0,0,1.0,no,,,1.0,si,ok,add_car,add_motor_car,4,1,0,0,0.0,0.0,0.25,tfidf,26,0.9991837757022147,0.9991837757022147
submission170.py,submission174.py,1,2,,False,0.3201243201243201,0.8461538461538461,0.9988933560399916,1.0,0.24363025167705246,0.24363025167705246,0.914333664469913,1.0,1.0,1.0,1.0,0,1.0,no,,,1.0,si,ok,add_car,enroll_car,4,1,0,0,0.0,0.0,0.25,tfidf,26,0.9991837757022147,0.9991837757022147
submission171.py,submission172.py,1,2,,False,0.08723135271807839,0.8461538461538461,0.9988933560399916,1.0,0.24363025167705246,0.24363025167705246,0.914333664469913,1.0,1.0,1.0,1.0,0,1.0,no,,,1.0,si,ok,register_vehicle,add_automobile,4,1,0,0,0.0,0.0,0.25,tfidf,26,0.9989116479243014,0.9989116479243014
submission171.py,submission173.py,1,2,,False,0.3577981651376147,0.92,0.9994465268077636,1.0,0.12181512585070774,0.12181512585070774,0.9541164534297341,1.0,1.0,1.0,1.0,0,1.0,no,,,1.0,si,ok,register_vehicle,add_motor_car,4,1,0,0,0.0,0.0,0.25,tfidf,25,0.9994556777080853,0.9994556777080853
submission171.py,submission174.py,1,2,,False,0.15303430079155672,0.8461538461538461,0.9988933560399916,1.0,0.24363025167705246,0.24363025167705246,0.914333664469913,1.0,1.0,1.0,1.0,0,1.0,no,,,1.0,si,ok,register_vehicle,enroll_car,4,1,0,0,0.0,0.0,0.25,tfidf,26,0.9989116479243014,0.9989116479243014
submission172.py,submission173.py,1,2,,False,0.12173913043478261,0.92,0.9994465268077636,1.0,0.12181512585070774,0.12181512585070774,0.9541164534297341,1.0,1.0,1.0,1.0,0,1.0,no,,,1.0,si,ok,add_automobile,add_motor_car,4,1,0,0,0.0,0.0,0.25,tfidf,25,0.9994556777080853,0.9994556777080853
submission172.py,submission174.py,1,2,,False,0.14,0.8461538461538461,0.9988933560399916,1.0,0.24363025167705246,0.24363025167705246,0.914333664469913,1.0,1.0,1.0,1.0,0,1.0,no,,,1.0,si,ok,add_automobile,enroll_car,4,1,0,0,0.0,0.0,0.25,tfidf,26,0.9989116479243014,0.9989116479243014
submission173.py,submission174.py,1,2,,False,0.18264248704663213,0.8461538461538461,0.9988933560399916,1.0,0.24363025167705246,0.24363025167705246,0.914333664469913,1.0,1.0,1.0,1.0,0,1.0,no,,,1.0,si,ok,add_motor_car,enroll_car,4,1,0,0,0.0,0.0,0.25,tfidf,26,0.9989116479243014,0.9989116479243014
submission175.py,submission176.py,1,1,,True,1.0,1.0,1.0,1.0,0.0,0.0,1.0,1.0,1.0,1.0,1.0,0,1.0,no,,,1.0,si,ok,is_palindrome,is_palindrome,1,10,1,1,0.1,1.0,1.0,tfidf,13,1.0000000000000002,1.0000000000000002
submission177.py,submission178.py,1,1,,True,1.0,1.0,0.9999999999999998,1.0,0.0,0.0,0.9999999999999998,1.0,1.0,1.0,1.0,0,1.0,no,,,1.0,si,ok,binary_search,binary_search,2,7,4,4,0.5714285714285714,1.0,1.0,tfidf,21,1.0,1.0
submission179.py,submission180.py,1,1,,True,1.0,1.0,1.0000000000000002,1.0,0.0,0.0,1.0,1.0,1.0,1.0,1.0,0,1.0,no,,,1.0,si,ok,bubble_sort,bubble_sort,1,10,5,5,0.5,1.0,1.0,tfidf,17,1.0000000000000002,1.0000000000000002
submission181.py,submission182.py,1,1,,True,1.0,1.0,1.0,1.0,0.0,0.0,1.0,1.0,1.0,1.0,1.0,0,1.0,no,,,1.0,si,ok,fibonacci,fibonacci,1,10,5,5,0.5,1.0,1.0,tfidf,15,1.0,1.0
submission183.py,submission184.py,1,1,,True,1.0,1.0,0.9999999999999999,1.0,0.0,0.0,0.9999999999999998,1.0,1.0,1.0,1.0,0,1.0,no,,,1.0,si,ok,count_vowels,count_vowels,1,10,2,2,0.2,1.0,1.0,tfidf,12,1.0,1.0
submission185.py,submission186.py,1,1,,True,1.0,1.0,1.0,1.0,0.0,0.0,1.0,1.0,1.0,1.0,1.0,0,1.0,no,,,1.0,si,ok,is_prime,is_prime,1,10,5,5,0.5,1.0,1.0,tfidf,16,1.0000000000000002,1.0000000000000002
submission187.py,submission188.py,1,1,,True,1.0,1.0,0.9999999999999999,1.0,0.0,0.0,0.9999999999999998,1.0,1.0,1.0,1.0,0,1.0,no,,,1.0,si,ok,reverse_string,reverse_string,1,10,2,2,0.2,1.0,1.0,tfidf,11,1.0000000000000002,1.0000000000000002
submission189.py,submission190.py,1,1,,True,1.0,1.0,1.0,1.0,0.0,0.0,1.0,1.0,1.0,1.0,1.0,0,1.0,no,,,1.0,si,ok,find_max,find_max,1,10,6,6,0.6,1.0,1.0,tfidf,15,1.000000000000001,1.000000000000001
submission191.py,submission192.py,1,1,,True,1.0,1.0,1.0,1.0,0.0,0.0,1.0,1.0,1.0,1.0,1.0,0,1.0,no,,,1.0,si,ok,calculate_average,calculate_average,1,10,4,4,0.4,1.0,1.0,tfidf,14,1.0,1.0
submission193.py,submission194.py,1,1,,True,1.0,1.0,1.0,1.0,0.0,0.0,1.0,1.0,1.0,1.0,1.0,0,1.0,no,,,1.0,si,ok,validate_password,validate_password,1,10,2,2,0.2,1.0,1.0,tfidf,13,1.0000000000000002,1.0000000000000002
submission195.py,submission196.py,1,1,,True,1.0,1.0,0.9999999999999999,1.0,0.0,0.0,0.9999999999999998,1.0,1.0,1.0,1.0,0,1.0,no,,,1.0,si,ok,is_anagram,is_anagram,2,7,2,2,0.2857142857142857,1.0,1.0,tfidf,11,1.0000000000000002,1.0000000000000002
submission197.py,submission198.py,1,1,,True,1.0,1.0,1.0,1.0,0.0,0.0,1.0,1.0,1.0,1.0,1.0,0,1.0,no,,,1.0,si,ok,flatten_list,flatten_list,1,10,1,1,0.1,1.0,1.0,tfidf,15,1.0,1.0
submission199.py,submission200.py,1,1,,True,1.0,1.0,1.0,1.0,0.0,0.0,1.0,1.0,1.0,1.0,1.0,0,1.0,no,,,1.0,si,ok,count_words,count_words,1,10,1,1,0.1,1.0,1.0,tfidf,18,1.0,1.0
submission201.py,submission202.py,1,1,,True,1.0,1.0,1.0,1.0,0.0,0.0,1.0,1.0,1.0,1.0,1.0,0,1.0,no,,,1.0,si,ok,least_common_multiple,least_common_multiple,2,7,1,1,0.14285714285714285,1.0,1.0,tfidf,15,1.0,1.0
submission203.py,submission204.py,1,1,,True,1.0,1.0,1.0,1.0,0.0,0.0,1.0,1.0,1.0,1.0,1.0,0,1.0,no,,,1.0,si,ok,remove_duplicates,remove_duplicates,1,10,5,5,0.5,1.0,1.0,tfidf,14,1.0000000000000002,1.0000000000000002
submission205.py,submission206.py,1,1,,True,1.0,1.0,1.0000000000000002,1.0,0.0,0.0,1.0,1.0,1.0,1.0,1.0,0,1.0,no,,,1.0,si,ok,transpose_matrix,transpose_matrix,1,10,1,1,0.1,1.0,1.0,tfidf,13,1.0,1.0
submission207.py,submission208.py,1,1,,True,1.0,1.0,1.0,1.0,0.0,0.0,1.0,1.0,1.0,1.0,1.0,0,1.0,no,,,1.0,si,ok,celsius_to_fahrenheit,celsius_to_fahrenheit,1,10,5,5,0.5,1.0,1.0,tfidf,11,1.0,1.0
submission209.py,submission210.py,1,1,,True,1.0,1.0,1.0,1.0,0.0,0.0,1.0,1.0,1.0,1.0,1.0,0,1.0,no,,,1.0,si,ok,linear_search,linear_search,2,7,5,5,0.7142857142857143,1.0,1.0,tfidf,15,1.0000000000000002,1.0000000000000002
submission211.py,submission212.py,1,1,,True,1.0,1.0,0.9999999999999999,1.0,0.0,0.0,0.9999999999999998,1.0,1.0,1.0,1.0,0,1.0,no,,,1.0,si,ok,sum_of_digits,sum_of_digits,1,10,5,5,0.5,1.0,1.0,tfidf,11,1.0,1.0
submission213.py,submission214.py,1,1,,True,1.0,1.0,1.0,1.0,0.0,0.0,1.0,1.0,1.0,1.0,1.0,0,1.0,no,,,1.0,si,ok,is_leap_year,is_leap_year,1,10,5,5,0.5,1.0,1.0,tfidf,11,1.0000000000000002,1.0000000000000002
submission215.py,submission216.py,1,1,,True,1.0,1.0,1.0000000000000002,1.0,0.0,0.0,1.0,1.0,1.0,1.0,1.0,0,1.0,no,,,1.0,si,ok,greatest_common_divisor,greatest_common_divisor,2,7,2,2,0.2857142857142857,1.0,1.0,tfidf,10,1.0000000000000002,1.0000000000000002
submission217.py,submission218.py,1,1,,True,1.0,1.0,0.9999999999999998,1.0,0.0,0.0,0.9999999999999998,1.0,1.0,1.0,1.0,0,1.0,no,,,1.0,si,ok,is_sorted,is_sorted,1,10,5,5,0.5,1.0,1.0,tfidf,15,1.0000000000000002,1.0000000000000002
submission219.py,submission220.py,1,1,,True,1.0,1.0,1.0000000000000002,1.0,0.0,0.0,1.0,1.0,1.0,1.0,1.0,0,1.0,no,,,1.0,si,ok,factorial,factorial,1,10,4,4,0.4,1.0,1.0,tfidf,12,1.0000000000000004,1.0000000000000004
submission221.py,submission222.py,1,1,,True,1.0,1.0,0.9999999999999999,1.0,0.0,0.0,0.9999999999999998,1.0,1.0,1.0,1.0,0,1.0,no,,,1.0,si,ok,count_above_threshold,count_above_threshold,2,7,4,4,0.5714285714285714,1.0,1.0,tfidf,14,1.0000000000000002,1.0000000000000002
submission223.py,submission224.py,1,1,,True,1.0,1.0,1.0,1.0,0.0,0.0,1.0,1.0,1.0,1.0,1.0,0,1.0,no,,,1.0,si,ok,merge_sorted_lists,merge_sorted_lists,2,7,3,3,0.42857142857142855,1.0,1.0,tfidf,18,1.0000000000000002,1.0000000000000002
submission225.py,submission226.py,1,1,,True,1.0,1.0,1.0000000000000002,1.0,0.0,0.0,1.0,1.0,1.0,1.0,1.0,0,1.0,no,,,1.0,si,ok,second_largest,second_largest,1,10,4,4,0.4,1.0,1.0,tfidf,17,1.0,1.0
submission227.py,submission228.py,1,1,,True,1.0,1.0,1.0,1.0,0.0,0.0,1.0,1.0,1.0,1.0,1.0,0,1.0,no,,,1.0,si,ok,multiplication_table,multiplication_table,2,7,4,4,0.5714285714285714,1.0,1.0,tfidf,16,1.0000000000000002,1.0000000000000002
submission229.py,submission230.py,1,1,,True,1.0,1.0,1.0,1.0,0.0,0.0,1.0,1.0,1.0,1.0,1.0,0,1.0,no,,,1.0,si,ok,list_intersection,list_intersection,2,7,3,3,0.42857142857142855,1.0,1.0,tfidf,16,1.0,1.0
submission231.py,submission232.py,1,1,,True,1.0,1.0,1.0,1.0,0.0,0.0,1.0,1.0,1.0,1.0,1.0,0,1.0,no,,,1.0,si,ok,is_perfect_number,is_perfect_number,1,10,5,5,0.5,1.0,1.0,tfidf,16,1.0000000000000002,1.0000000000000002
submission233.py,submission234.py,1,1,,True,1.0,1.0,1.0,1.0,0.0,0.0,1.0,1.0,1.0,1.0,1.0,0,1.0,no,,,1.0,si,ok,caesar_cipher,caesar_cipher,2,7,0,0,0.0,0.0,0.25,tfidf,18,1.0000000000000002,1.0000000000000002
submission235.py,submission236.py,1,1,,True,1.0,1.0,1.0,1.0,0.0,0.0,1.0,1.0,1.0,1.0,1.0,0,1.0,no,,,1.0,si,ok,calculate_bmi,calculate_bmi,2,7,2,2,0.2857142857142857,1.0,1.0,tfidf,12,1.0,1.0
submission237.py,submission238.py,1,1,,True,1.0,1.0,1.0,1.0,0.0,0.0,1.0,1.0,1.0,1.0,1.0,0,1.0,no,,,1.0,si,ok,find_pairs_with_sum,find_pairs_with_sum,2,7,2,2,0.2857142857142857,1.0,1.0,tfidf,15,1.0,1.0
submission239.py,submission240.py,1,1,,True,1.0,1.0,1.0000000000000002,1.0,0.0,0.0,1.0,1.0,1.0,1.0,1.0,0,1.0,no,,,1.0,si,ok,decimal_to_binary,decimal_to_binary,1,10,5,5,0.5,1.0,1.0,tfidf,15,1.0000000000000002,1.0000000000000002
submission241.py,submission242.py,1,1,,True,1.0,1.0,0.9999999999999998,1.0,0.0,0.0,0.9999999999999998,1.0,1.0,1.0,1.0,0,1.0,no,,,1.0,si,ok,insertion_sort,insertion_sort,1,10,4,4,0.4,1.0,1.0,tfidf,20,1.0,1.0
submission243.py,submission244.py,1,1,,True,1.0,1.0,0.9999999999999998,1.0,0.0,0.0,0.9999999999999998,1.0,1.0,1.0,1.0,0,1.0,no,,,1.0,si,ok,is_armstrong_number,is_armstrong_number,1,10,4,4,0.4,1.0,1.0,tfidf,11,1.0,1.0
submission245.py,submission246.py,1,1,,True,1.0,1.0,0.9999999999999999,1.0,0.0,0.0,0.9999999999999998,1.0,1.0,1.0,1.0,0,1.0,no,,,1.0,si,ok,count_lines_with_keyword,count_lines_with_keyword,2,7,2,2,0.2857142857142857,1.0,1.0,tfidf,13,1.0000000000000002,1.0000000000000002
submission247.py,submission248.py,1,1,,True,1.0,1.0,1.0,1.0,0.0,0.0,1.0,1.0,1.0,1.0,1.0,0,1.0,no,,,1.0,si,ok,diagonal_sum,diagonal_sum,1,10,1,1,0.1,1.0,1.0,tfidf,13,1.0,1.0
submission249.py,submission250.py,1,1,,True,1.0,1.0,1.0,1.0,0.0,0.0,1.0,1.0,1.0,1.0,1.0,0,1.0,no,,,1.0,si,ok,format_minutes,format_minutes,1,10,5,5,0.5,1.0,1.0,tfidf,15,0.9999999999999998,0.9999999999999998
submission251.py,submission252.py,1,1,,True,1.0,1.0,0.9999999999999999,1.0,0.0,0.0,0.9999999999999998,1.0,1.0,1.0,1.0,0,1.0,no,,,1.0,si,ok,detect_capital_use,detect_capital_use,1,10,1,1,0.1,1.0,1.0,tfidf,12,1.0000000000000002,1.0000000000000002
submission253.py,submission254.py,1,1,,True,1.0,1.0,1.0,1.0,0.0,0.0,1.0,1.0,1.0,1.0,1.0,0,1.0,no,,,1.0,si,ok,compound_interest,compound_interest,4,1,0,0,0.0,0.0,0.25,tfidf,14,1.0000000000000002,1.0000000000000002
submission255.py,submission256.py,1,1,,True,1.0,1.0,1.0,1.0,0.0,0.0,1.0,1.0,1.0,1.0,1.0,0,1.0,no,,,1.0,si,ok,find_mode,find_mode,1,10,6,6,0.6,1.0,1.0,tfidf,20,1.0000000000000002,1.0000000000000002
submission257.py,submission258.py,1,1,,True,1.0,1.0,0.9999999999999998,1.0,0.0,0.0,0.9999999999999998,1.0,1.0,1.0,1.0,0,1.0,no,,,1.0,si,ok,run_length_encoding,run_length_encoding,1,10,3,3,0.3,1.0,1.0,tfidf,18,1.0000000000000002,1.0000000000000002
submission259.py,submission260.py,1,1,,True,1.0,1.0,1.0,1.0,0.0,0.0,1.0,1.0,1.0,1.0,1.0,0,1.0,no,,,1.0,si,ok,contains_substring,contains_substring,2,7,3,3,0.42857142857142855,1.0,1.0,tfidf,17,1.0000000000000002,1.0000000000000002
submission261.py,submission262.py,1,1,,True,1.0,1.0,1.0,1.0,0.0,0.0,1.0,1.0,1.0,1.0,1.0,0,1.0,no,,,1.0,si,ok,roman_to_int,roman_to_int,1,10,1,1,0.1,1.0,1.0,tfidf,20,1.0,1.0
submission263.py,submission264.py,1,1,,True,1.0,1.0,1.0,1.0,0.0,0.0,1.0,1.0,1.0,1.0,1.0,0,1.0,no,,,1.0,si,ok,selection_sort,selection_sort,1,10,4,4,0.4,1.0,1.0,tfidf,16,0.9999999999999999,0.9999999999999999
submission265.py,submission266.py,1,1,,True,1.0,1.0,1.0,1.0,0.0,0.0,1.0,1.0,1.0,1.0,1.0,0,1.0,no,,,1.0,si,ok,filter_primes,filter_primes,1,10,4,4,0.4,1.0,1.0,tfidf,21,1.0000000000000002,1.0000000000000002
submission267.py,submission268.py,1,1,,True,1.0,1.0,1.0000000000000002,1.0,0.0,0.0,1.0,1.0,1.0,1.0,1.0,0,1.0,no,,,1.0,si,ok,generate_subsets,generate_subsets,1,10,5,5,0.5,1.0,1.0,tfidf,13,1.0000000000000002,1.0000000000000002
submission269.py,submission270.py,1,1,,True,1.0,1.0,1.0,1.0,0.0,0.0,1.0,1.0,1.0,1.0,1.0,0,1.0,no,,,1.0,si,ok,find_missing_number,find_missing_number,2,7,2,2,0.2857142857142857,1.0,1.0,tfidf,13,1.0,1.0
submission271.py,submission272.py,1,1,,True,1.0,1.0,1.0000000000000002,1.0,0.0,0.0,1.0,1.0,1.0,1.0,1.0,0,1.0,no,,,1.0,si,ok,is_valid_parentheses,is_valid_parentheses,1,10,5,5,0.5,1.0,1.0,tfidf,23,1.0,1.0
submission273.py,submission274.py,1,1,,True,1.0,1.0,1.0000000000000002,1.0,0.0,0.0,1.0,1.0,1.0,1.0,1.0,0,1.0,no,,,1.0,si,ok,generate_pascals_triangle,generate_pascals_triangle,1,10,5,5,0.5,1.0,1.0,tfidf,17,1.0,1.0
submission275.py,submission276.py,1,1,,True,1.0,1.0,1.0,1.0,0.0,0.0,1.0,1.0,1.0,1.0,1.0,0,1.0,no,,,1.0,si,ok,dijkstra,dijkstra,2,7,0,0,0.0,0.0,0.25,tfidf,23,1.0,1.0
submission277.py,submission278.py,1,1,,True,1.0,1.0,0.9999999999999998,1.0,0.0,0.0,0.9999999999999998,1.0,1.0,1.0,1.0,0,1.0,no,,,1.0,si,ok,longest_common_subsequence,longest_common_subsequence,2,7,3,3,0.42857142857142855,1.0,1.0,tfidf,19,1.0000000000000002,1.0000000000000002
submission279.py,submission280.py,1,1,,True,1.0,1.0,1.0,1.0,0.0,0.0,1.0,1.0,1.0,1.0,1.0,0,1.0,no,,,1.0,si,ok,kmp_search,kmp_search,2,7,3,3,0.42857142857142855,1.0,1.0,tfidf,23,1.0,1.0
submission281.py,submission282.py,1,3,,False,0.8059701492537313,0.5714285714285714,0.9426866733668646,0.9319727891156463,1.9252582747169187,3.0307987838604924,0.6981329723935354,0.5909090909090909,0.7457627118644068,0.7352941176470589,0.8888888888888888,20,0.4117647058823529,no,,,0.6273349144485736,si,ok,find_index,find_index,2,7,5,5,0.7142857142857143,1.0,1.0,tfidf,21,0.9426866733668644,0.9426866733668644
submission283.py,submission284.py,1,3,,False,0.7419354838709677,0.75,0.9233005193553655,0.9598639455782313,2.07833596964076,1.2447833808020232,0.7691068546613316,0.8461538461538461,0.9375,1.0,1.0,5,0.6875,no,,,0.8598557692307692,si,ok,is_even,is_even,1,10,5,5,0.5,1.0,1.0,tfidf,12,0.9233005193553658,0.9233005193553658
submission285.py,submission286.py,1,3,,False,0.5517241379310345,0.6666666666666666,0.915307840695012,0.9084724799010513,2.1817803132040905,2.6715347070338473,0.7146527629057222,0.4444444444444444,0.45,0.6,0.8888888888888888,24,0.040000000000000036,no,,,0.39227777777777784,si,ok,get_cubes,get_cubes,1,10,5,5,0.5,1.0,1.0,tfidf,15,0.9153078406950118,0.9153078406950118
submission287.py,submission288.py,1,3,,False,0.6798029556650246,0.6923076923076923,0.8853279340521983,0.9555677655677656,1.9201484576822418,3.8997639067995857,0.715555709395617,0.6666666666666666,0.5714285714285714,0.8529411764705882,0.875,24,0.2941176470588235,no,,,0.5798669467787114,si,ok,min_of_three,min_of_three,3,1,1,1,1.0,1.0,1.0,tfidf,13,0.8853279340521989,0.8853279340521989
submission289.py,submission290.py,1,3,,False,0.6979166666666666,0.5,0.9111284623300271,0.9642670254915153,3.245823878333063,3.4268906343616017,0.6623136049467127,0.5294117647058824,0.5714285714285714,0.48484848484848486,0.75,24,0.2727272727272727,no,,,0.4782849503437739,si,ok,sum_list,sum_list,1,10,4,4,0.4,1.0,1.0,tfidf,16,0.9111284623300275,0.9111284623300275
submission291.py,submission292.py,1,3,,False,0.7865168539325843,0.8125,0.9184681863612078,0.9399416909620991,0.9041392785854089,1.572432237120789,0.7966328898851535,0.631578947368421,0.7391304347826086,0.9166666666666666,0.8888888888888888,25,0.0,no,,,0.5374872870582252,si,ok,count_evens,count_evens,1,10,4,4,0.4,1.0,1.0,tfidf,16,0.9184681863612082,0.9184681863612082
submission293.py,submission294.py,1,3,,False,0.7796610169491526,0.75,0.9476672974178613,0.9107142857142857,1.05150408966876,1.7809003946471953,0.7742175743073066,0.8333333333333334,0.9375,1.0,1.0,5,0.6875,no,,,0.8572916666666667,si,ok,check_length,check_length,2,7,2,2,0.2857142857142857,1.0,1.0,tfidf,12,0.9476672974178614,0.9476672974178614
submission295.py,submission296.py,1,3,,False,0.7865168539325843,0.47058823529411764,0.8913949595990919,0.9175574991901523,3.6748729346175133,4.116348819344681,0.6329593784064019,0.47368421052631576,0.6086956521739131,0.9166666666666666,0.8571428571428572,17,0.29166666666666663,no,,,0.5576250408630271,si,ok,compute_factorial,compute_factorial,1,10,5,5,0.5,1.0,1.0,tfidf,17,0.8913949595990918,0.8913949595990918
submission297.py,submission298.py,1,3,,False,0.7559055118110236,0.8333333333333334,0.9240699594803881,0.891156462585034,0.1859222525069465,2.1864133942570256,0.7969365652641007,0.7857142857142857,0.8125,0.8823529411764706,1.0,11,0.3529411764705882,no,,,0.6985031512605041,si,ok,get_absolute,get_absolute,1,10,5,5,0.5,1.0,1.0,tfidf,12,0.9240699594803882,0.9240699594803882
submission299.py,submission300.py,1,3,,False,0.7521367521367521,0.7647058823529411,0.9658321036192496,0.9486556527372854,1.0123177464939017,1.3357287271003158,0.8008878631942304,0.7058823529411765,0.7636363636363637,0.7741935483870968,1.0,15,0.5161290322580645,no,,,0.70305330343281,si,ok,find_minimum,find_minimum,1,10,4,4,0.4,1.0,1.0,tfidf,17,0.9658321036192499,0.9658321036192499
submission301.py,submission302.py,1,3,,False,0.6602870813397129,0.5263157894736842,0.8833784980399398,0.8925122496551068,2.049167085651537,4.485562961443731,0.6482780650628552,0.5263157894736842,0.5384615384615384,0.48571428571428577,0.875,25,0.2857142857142857,no,,,0.48594997108155,si,ok,contains_item,contains_item,2,7,5,5,0.7142857142857143,1.0,1.0,tfidf,19,0.8833784980399402,0.8833784980399402
submission303.py,submission304.py,1,3,,False,0.6338797814207651,0.6923076923076923,0.9476127772402974,0.8982831227729187,3.0641686251915443,0.22484398026450542,0.7472612484343865,0.7142857142857143,0.6111111111111112,0.7142857142857143,1.0,12,0.4285714285714286,no,,,0.6313492063492063,si,ok,join_words,join_words,1,10,2,2,0.2,1.0,1.0,tfidf,13,0.9476127772402972,0.9476127772402972
submission305.py,submission306.py,1,3,,False,0.8465608465608465,0.7692307692307693,0.8840635443890121,0.9479105928085519,2.626281711570669,1.7811777761120529,0.7479976508953362,0.7333333333333333,0.7555555555555555,0.9565217391304348,0.875,20,0.13043478260869568,no,,,0.6056642512077295,si,ok,rectangle_area,rectangle_area,2,7,2,2,0.2857142857142857,1.0,1.0,tfidf,13,0.8840635443890124,0.8840635443890124
submission307.py,submission308.py,1,3,,True,1.0,1.0,1.0,1.0,0.0,0.0,1.0,1.0,1.0,1.0,1.0,0,1.0,no,,,1.0,si,ok,sum_squares,sum_squares,1,10,5,5,0.5,1.0,1.0,tfidf,14,1.0,1.0
submission309.py,submission310.py,1,3,,False,0.7368421052631579,0.8333333333333334,0.915633126494683,0.9242954324586977,2.3621154512795006,0.18103399918084187,0.7975936737218161,0.8571428571428571,0.6818181818181818,0.76,1.0,14,0.43999999999999995,no,,,0.6878831168831169,si,ok,apply_tax,apply_tax,1,10,5,4,0.5,0.8,0.8,tfidf,12,0.9156331264946829,0.9156331264946829
submission311.py,submission312.py,1,3,,False,0.6258503401360545,0.6428571428571429,0.7862837969176724,0.8973760932944607,2.3003338769074797,2.7972679242740157,0.6645745647384709,0.4444444444444444,0.3888888888888889,0.8,0.7777777777777778,18,0.09999999999999998,no,,,0.41388888888888886,si,ok,has_negative,has_negative,1,10,4,4,0.4,1.0,1.0,tfidf,14,0.7862837969176725,0.7862837969176725
submission313.py,submission314.py,1,3,,False,0.6960352422907489,0.7272727272727273,0.8251758505258149,1.0,3.512975668611358,2.260942720724571,0.7171886766587728,0.8181818181818182,0.8888888888888888,1.0,0.75,29,0.0,no,,,0.610858585858586,si,ok,get_grade,get_grade,1,10,5,5,0.5,1.0,1.0,tfidf,11,0.825175850525815,0.825175850525815
submission315.py,submission316.py,1,3,,False,0.591304347826087,0.5263157894736842,0.8487069842747963,0.9221873364730507,2.0993589051678327,5.111636134167411,0.6403706608808436,0.5714285714285714,0.5517241379310345,0.4871794871794872,0.8888888888888888,27,0.3076923076923077,no,,,0.5064902530419771,si,ok,first_seven_multiplier,first_seven_multiplier,1,10,4,4,0.4,1.0,1.0,tfidf,19,0.8487069842747966,0.8487069842747966
submission317.py,submission318.py,1,3,,False,0.6968325791855203,0.7058823529411765,0.952371535012785,0.8757122507122507,1.803392678143961,1.5711245354378078,0.7470439061135659,0.4,0.5909090909090909,0.76,0.9,26,0.0,no,,,0.4317272727272728,si,ok,filter_long_words,filter_long_words,2,7,0,0,0.0,0.0,0.25,tfidf,17,0.952371535012785,0.952371535012785
submission319.py,submission320.py,1,3,,False,0.5853658536585366,0.8,0.948460172466489,0.8996819507023589,2.2037507995464742,0.1792120635773444,0.7957369080458089,0.47058823529411764,0.5652173913043478,0.7037037037037037,0.8888888888888888,30,0.0,no,,,0.4298664393293549,si,ok,make_zero_matrix,make_zero_matrix,2,7,2,2,0.2857142857142857,1.0,1.0,tfidf,15,0.9484601724664893,0.9484601724664893
submission321.py,submission322.py,1,3,,False,0.7897435897435897,0.6923076923076923,0.8819884162007735,0.8822751322751323,2.259801300145411,2.259801300145411,0.7100972918045525,0.6153846153846154,0.7142857142857143,0.8666666666666667,1.0,11,0.2666666666666667,no,,,0.6116483516483516,si,ok,get_user_email,get_user_email,1,10,0,0,0.0,0.0,0.0,tfidf,13,0.8819884162007732,0.8819884162007732
submission323.py,submission324.py,1,3,,False,0.7486033519553073,0.5625,0.9173962147989682,0.9089731130547457,2.6001174074647273,2.90459859434562,0.6790633054453008,0.5294117647058824,0.6521739130434783,0.7037037037037037,0.8571428571428572,16,0.40740740740740744,no,,,0.5824178946941095,si,ok,calculate_power,calculate_power,2,7,2,2,0.2857142857142857,1.0,1.0,tfidf,16,0.9173962147989682,0.9173962147989682
submission325.py,submission326.py,1,3,,False,0.9090909090909091,0.7333333333333333,0.9746946416340141,0.9715522572665429,0.7982913839239372,1.844126244881059,0.7928808465858653,0.7058823529411765,0.8627450980392157,0.8888888888888888,1.0,11,0.5925925925925926,no,,,0.7679738562091503,si,ok,keep_vowels,keep_vowels,1,10,2,2,0.2,1.0,1.0,tfidf,15,0.9746946416340141,0.9746946416340141
submission327.py,submission328.py,1,3,,False,0.6609195402298851,0.7647058823529411,0.9720194059738048,0.9430272108843537,0.12801522077280597,1.7406267509920026,0.8130184844755064,0.7777777777777778,0.7228915662650602,0.6274509803921569,0.9,27,0.47058823529411764,no,,,0.6615725647688794,si,ok,flatten_coordinates,flatten_coordinates,1,10,2,2,0.2,1.0,1.0,tfidf,17,0.9720194059738047,0.9720194059738047
submission329.py,submission330.py,1,3,,False,0.8807339449541285,0.7222222222222222,0.9580667544419315,0.9516079158936301,1.2272343878262817,1.4343345331509303,0.7802162963490323,0.75,0.84375,0.8285714285714285,0.875,20,0.4285714285714286,no,,,0.7012946428571428,si,ok,safe_factorial,safe_factorial,1,10,5,5,0.5,1.0,1.0,tfidf,18,0.9580667544419317,0.9580667544419317
